application_number	registration_number	mark_text	readings	holder_name	classes	status
2020-000001	6000001	サクラノミチ	サクラノミチ	検証用食品株式会社	30,43	registered
2020-000002	6000002	サクマノミチ	サクマノミチ	検証用製菓株式会社	30	registered
2020-000003		ソラマミ	ソラマミ	検証用農園合同会社	31	pending
2020-000004	6000004	ミライデンキ	ミライデンキ	検証用電機株式会社	9	registered
2020-000005	6000005	ミライデンキ	ミライデンキ	検証用飲食株式会社	43	registered
2020-000006	6000006	BLUEMOON	ブルームーン;ブルームン	検証用工房株式会社	9,25	registered
2020-000007	6000007	山田商店	ヤマダショウテン	検証用商事株式会社	35	registered
2020-000008	6000008	キエタショウヒョウ	キエタショウヒョウ	検証用消滅株式会社	9	dead
2020-000009	6000009	モミジ	モミジ	検証用旅館株式会社	43	registered
2020-000010	6000010	キャラメルパン	キャラメルパン	検証用製パン株式会社	30	registered
2020-000011	6000011	ガルタ	ガルタ	検証用玩具株式会社	28	registered
2020-000012	6000012	ソニーク	ソニーク	検証用音響株式会社	9	registered
2020-000013	6000013	ハルカゼ	ハルカゼ	検証用化粧品株式会社	3	registered
2020-000014		ハルカセ	ハルカセ	検証用雑貨株式会社	21	pending
2020-000015	6000015	ハールカゼ	ハールカゼ	検証用衣料株式会社	25	registered
2020-000016	6000016	コトノハ	コトノハ	検証用出版株式会社	16,41	registered
2020-000017	6000017	ことのは	コトノハ	検証用教育株式会社	41	registered
2020-000018	6000018	ホシゾラ	ホシゾラ	検証用天文株式会社	9,42	registered
2020-000019	6000019	ホシソラ	ホシソラ	検証用寝具株式会社	20,24	registered
2020-000020	6000020	星空	ホシゾラ	検証用観光株式会社	39	registered
